LIFE LIFE
DOROTHYPERKINS DOROTHYPERKINS
GEAR GEAR
PATCH PATCH
EAILIAN EAILIAN
SPENC SPENC
BILLLIE BILLLIE
EVERYDAY EVERYDAY
KLEIN KLEIN
EASTERN EASTERN
SPECIALS SPECIALS
VISIBLE VISIBLE
INDULGE INDULGE
SIGNUP SIGN-UP
AYE AYE
KENKO KENKO
FRESHLY FRESHLY
HAUGANG HAUGANG
THE THE
ORIGO ORIGO
CAVENAGH CAVENAGH
GENTLEMEN GENTLEMEN
NOURISH NOURISH
TOWE TOWE
BRAUN BRAUN
LVER LVER
FUTURE FUTURE
NAUTI NAUTI
BEN BEN
SOMA SOMA
MOVIE MOVIE
KNOWLEDG KNOWLEDG
DISCOVER DISCOVER
VOLUME VOLUME
GAMES GAMES
IMAGES IMAGES
SWATC SWATC
ROUND ROUND
HEUER HEUER
HAPPY HAPPY
ROM ROM
THAN THAN
JUR JUR
BOOKS BOOKS
STAGE STAGE
SQUARE SQUARE
ONSEN ONSEN
REKING REKING
ROBINSO ROBINSO
AIN ﻿AIN
OUTBACK OUTBACK
NOX NOX
EARNING EARNING
INC INC
UMP UMP
ORGANI ORGANI
REPU REPU
CRUNCHY CRUNCHY
STOR STOR
PAIN PAIN
MANGA MANGA
SHOPPING SHOPPING
NALE NALE
CALATOR CALATOR
LUNCH LUNCH
YAMANO YAMANO
OUT OUT
COMI COMI
UNSEEN UNSEEN
SPENCER SPENCER
STANDART STANDART
EVEN EVEN
RUN RUN
RLD RLD
ALE ALE
SYMPHONY SYMPHONY
ORIENTAL ORIENTAL
CHOOSE CHOOSE
ECCO ECCO
WAY WAY
REDUCTIONS REDUCTIONS
LINES LINES
YELLOW YELLOW
COFFES COFFES
SINC SINC
BAGUETTE BAGUETTE
SEOULGARDEN SEOULGARDEN
BIG BIG
INN INN
ONE ONE
VUITTON VUITTON
CHARCOAL CHARCOAL
BEWARE BEWARE
FURSTENBERG FURSTENBERG
KONG KONG
WEST WEST
RYOSHI RYOSHI
NOTE NOTE
ZONY ZONY
BUFFEL BUFFEL
